I2 COMMODITY PRICES ,,,,,,,,,,,,,,,,,,,,,
Title,Commodity prices – A$,Commodity prices – SDR,Commodity prices – US$,Rural commodity prices – A$,Rural commodity prices – SDR,Rural commodity prices – US$,Non-rural commodity prices – A$,Non-rural commodity prices – SDR,Non-rural commodity prices – US$,Base metals prices – A$,Base metals prices – SDR,Base metals prices – US$,Bulk commodities prices – A$,Bulk commodities prices – SDR,Bulk commodities prices – US$,Commodity prices (with bulk commodities spot prices) – A$,Commodity prices (with bulk commodities spot prices) – SDR,Commodity prices (with bulk commodities spot prices) – US$,Bulk commodities spot prices – A$,Bulk commodities spot prices – SDR,Bulk commodities spot prices – US$
Description,Index of commodity prices; All items; A$,Index of commodity prices; All items; SDR,Index of commodity prices; All items; US$,Index of commodity prices; Rural component; A$,Index of commodity prices; Rural component; SDR,Index of commodity prices; Rural component; US$,Index of commodity prices; Non-rural component; A$,Index of commodity prices; Non-rural component; SDR,Index of commodity prices; Non-rural component; US$,Index of commodity prices; Non-rural component – Base metals; A$,Index of commodity prices; Non-rural component – Base metals; SDR,Index of commodity prices; Non-rural component – Base metals; US$,Index of commodity prices; Non-rural component – Bulk commodities (based on export price movements); A$,Index of commodity prices; Non-rural component – Bulk commodities (based on export price movements); SDR,Index of commodity prices; Non-rural component – Bulk commodities (based on export price movements); US$,Index of commodity prices; All items (with bulk commodities spot prices); A$,Index of commodity prices; All items (with bulk commodities spot prices); SDR,Index of commodity prices; All items (with bulk commodities spot prices); US$,Index of commodity prices; Non-rural component – Bulk commodities (based on spot price movements); A$,Index of commodity prices; Non-rural component – Bulk commodities (based on spot price movements); SDR,Index of commodity prices; Non-rural component – Bulk commodities (based on spot price movements); US$
Frequency,Monthly,Monthly,Monthly,Monthly,Monthly,Monthly,Monthly,Monthly,Monthly,Monthly,Monthly,Monthly,Monthly,Monthly,Monthly,Monthly,Monthly,Monthly,Monthly,Monthly,Monthly
Type,Original,Original,Original,Original,Original,Original,Original,Original,Original,Original,Original,Original,Original,Original,Original,Original,Original,Original,Original,Original,Original
Units,"Index, 2020/21=100","Index, 2020/21=100","Index, 2020/21=100","Index, 2020/21=100","Index, 2020/21=100","Index, 2020/21=100","Index, 2020/21=100","Index, 2020/21=100","Index, 2020/21=100","Index, 2020/21=100","Index, 2020/21=100","Index, 2020/21=100","Index, 2020/21=100","Index, 2020/21=100","Index, 2020/21=100","Index, 2020/21=100","Index, 2020/21=100","Index, 2020/21=100","Index, 2020/21=100","Index, 2020/21=100","Index, 2020/21=100"
,,,,,,,,,,,,,,,,,,,,,
,,,,,,,,,,,,,,,,,,,,,
Source,RBA,RBA,RBA,RBA,RBA,RBA,RBA,RBA,RBA,RBA,RBA,RBA,RBA,RBA,RBA,RBA,RBA,RBA,RBA,RBA,RBA
Publication date,03-Jan-2023,03-Jan-2023,03-Jan-2023,03-Jan-2023,03-Jan-2023,03-Jan-2023,03-Jan-2023,03-Jan-2023,03-Jan-2023,03-Jan-2023,03-Jan-2023,03-Jan-2023,03-Jan-2023,03-Jan-2023,03-Jan-2023,03-Jan-2023,03-Jan-2023,03-Jan-2023,03-Jan-2023,03-Jan-2023,03-Jan-2023
Series ID,GRCPAIAD,GRCPAISDR,GRCPAIUSD,GRCPRCAD,GRCPRCSDR,GRCPRCUSD,GRCPNRAD,GRCPNRSDR,GRCPNRUSD,GRCPBMAD,GRCPBMSDR,GRCPBMUSD,GRCPBCAD,GRCPBCSDR,GRCPBCUSD,GRCPAISAD,GRCPAISSDR,GRCPAISUSD,GRCPBCSAD,GRCPBCSSDR,GRCPBCSUSD
Jul-1982,26.9,46.8,36.3,37.7,65.6,51.0,26.2,45.4,35.3,22.6,39.3,30.5,22.5,38.9,30.2,,,,,,
Aug-1982,27.2,46.6,35.5,37.4,64.2,48.9,26.8,45.9,35.0,23.0,39.4,30.0,22.6,38.7,29.5,,,,,,
Sep-1982,28.2,47.6,36.1,38.1,64.4,48.8,28.1,47.5,36.0,23.0,38.9,29.5,23.1,39.0,29.5,,,,,,
Oct-1982,28.5,47.8,35.9,38.6,64.8,48.7,28.4,47.6,35.7,23.0,38.6,29.0,23.5,39.4,29.6,,,,,,
Nov-1982,28.5,48.0,35.9,38.7,65.1,48.7,28.4,47.8,35.7,22.1,37.2,27.8,23.9,40.1,30.0,,,,,,
Dec-1982,28.1,47.2,36.2,37.8,63.8,48.9,28.1,47.2,36.2,21.5,36.2,27.7,23.3,39.3,30.1,,,,,,
Jan-1983,28.3,48.0,37.0,37.5,63.8,49.3,28.5,48.5,37.4,22.6,38.4,29.6,23.3,39.5,30.5,,,,,,
Feb-1983,29.0,48.9,37.3,38.8,65.6,50.1,29.1,49.1,37.5,24.1,40.7,31.1,23.3,39.4,30.1,,,,,,
Mar-1983,30.6,47.3,36.0,42.6,66.1,50.3,29.8,46.1,35.1,27.0,41.9,31.9,24.0,37.2,28.3,,,,,,
Apr-1983,31.2,47.5,36.0,44.5,67.9,51.5,29.8,45.5,34.5,28.4,43.4,32.9,23.5,35.7,27.1,,,,,,
May-1983,31.1,48.0,36.5,45.4,70.1,53.3,29.3,45.2,34.3,29.1,44.9,34.1,22.7,34.9,26.5,,,,,,
Jun-1983,30.9,48.3,36.2,45.9,71.7,53.8,28.7,44.8,33.5,28.5,44.5,33.4,22.4,34.9,26.1,,,,,,
Jul-1983,30.7,48.0,35.8,45.3,71.0,53.0,28.6,44.7,33.3,29.0,45.4,33.8,22.0,34.4,25.6,,,,,,
Aug-1983,30.9,49.2,36.2,45.5,72.5,53.4,28.9,46.0,33.9,29.6,47.2,34.7,22.3,35.6,26.2,,,,,,
Sep-1983,30.3,48.6,35.8,44.6,71.8,52.9,28.2,45.3,33.4,29.4,47.3,34.8,21.7,34.8,25.6,,,,,,
Oct-1983,29.5,48.3,36.0,43.7,71.7,53.4,27.4,44.9,33.4,28.0,45.8,34.1,21.5,35.2,26.2,,,,,,
Nov-1983,28.7,47.5,35.1,41.7,69.2,51.0,27.1,44.9,33.1,27.2,45.1,33.3,21.5,35.5,26.2,,,,,,
Dec-1983,28.9,47.3,34.7,41.5,68.1,49.9,27.5,45.1,33.0,28.1,46.0,33.7,21.6,35.4,25.9,,,,,,
Jan-1984,28.8,47.8,34.7,41.3,68.8,50.0,27.4,45.5,33.1,28.3,47.1,34.2,21.7,36.0,26.1,,,,,,
Feb-1984,28.0,47.6,34.9,40.4,68.8,50.4,26.6,45.2,33.2,27.4,46.7,34.2,20.9,35.4,26.0,,,,,,
Mar-1984,28.1,47.8,35.7,40.7,69.2,51.7,26.7,45.3,33.8,28.0,47.6,35.5,20.8,35.3,26.3,,,,,,
Apr-1984,28.1,46.6,34.6,41.8,69.5,51.6,25.9,43.1,31.9,28.5,47.3,35.1,19.8,32.9,24.4,,,,,,
May-1984,28.3,46.9,34.2,41.6,69.0,50.4,26.5,43.8,32.0,27.8,46.1,33.6,20.6,34.0,24.8,,,,,,
Jun-1984,28.7,46.4,33.8,41.8,67.7,49.4,27.0,43.7,31.8,28.1,45.5,33.2,21.0,33.9,24.7,,,,,,
Jul-1984,28.9,45.1,32.3,41.9,65.4,46.8,27.4,42.7,30.5,28.3,44.0,31.5,21.6,33.6,24.0,,,,,,
Aug-1984,28.8,45.6,32.5,41.4,65.7,46.8,27.4,43.4,30.9,27.3,43.3,30.9,21.9,34.6,24.6,,,,,,
Sep-1984,28.8,45.5,32.0,42.4,67.2,47.2,26.9,42.6,29.9,25.3,40.0,28.1,21.6,34.1,23.9,,,,,,
Oct-1984,28.7,45.9,32.0,42.4,68.0,47.3,26.8,42.9,29.8,25.4,40.7,28.3,21.5,34.3,23.9,,,,,,
Nov-1984,28.5,46.4,32.6,41.4,67.6,47.6,26.9,43.8,30.8,26.8,43.7,30.7,21.7,35.3,24.8,,,,,,
Dec-1984,28.3,45.3,31.7,42.0,67.3,47.1,26.4,42.2,29.5,26.5,42.4,29.7,21.4,34.2,23.9,,,,,,
Jan-1985,28.7,45.7,31.3,42.7,68.1,46.6,26.7,42.5,29.0,27.2,43.3,29.6,21.8,34.7,23.7,,,,,,
Feb-1985,31.0,45.4,30.7,46.3,68.0,45.9,28.7,42.1,28.4,30.4,44.6,30.1,22.8,33.4,22.5,,,,,,
Mar-1985,32.9,45.4,30.6,48.7,67.2,45.3,30.7,42.3,28.5,32.2,44.3,29.9,24.3,33.4,22.5,,,,,,
Apr-1985,34.5,43.6,30.3,50.0,63.4,44.1,32.6,41.2,28.6,35.3,44.7,31.1,25.1,31.6,22.0,,,,,,
May-1985,33.6,43.7,30.3,48.1,62.6,43.5,32.1,41.8,29.0,33.7,43.8,30.4,25.4,33.0,22.9,,,,,,
Jun-1985,33.4,42.4,29.6,47.9,60.9,42.5,31.8,40.4,28.2,32.6,41.4,28.9,25.1,31.9,22.2,,,,,,
Jul-1985,32.1,41.8,29.9,44.9,58.6,41.8,31.1,40.5,28.9,30.6,39.9,28.5,25.1,32.6,23.3,,,,,,
Aug-1985,31.6,41.2,29.8,44.1,57.5,41.7,30.7,39.9,28.9,30.2,39.3,28.5,24.4,31.7,23.0,,,,,,
Sep-1985,32.4,41.4,29.8,45.5,58.1,41.9,31.4,40.0,28.8,29.6,37.8,27.2,25.2,32.1,23.1,,,,,,
Oct-1985,32.0,40.1,30.0,45.2,56.8,42.4,30.7,38.6,28.8,28.2,35.5,26.5,24.6,30.8,23.0,,,,,,
Nov-1985,33.3,39.7,30.1,47.8,57.2,43.3,31.6,37.8,28.6,28.5,34.1,25.8,25.1,30.0,22.7,,,,,,
Dec-1985,33.2,39.5,30.2,48.3,57.6,44.0,31.4,37.3,28.5,30.6,36.5,27.8,25.1,29.8,22.8,,,,,,
Jan-1986,32.6,39.4,30.3,46.6,56.4,43.4,31.2,37.7,29.0,30.7,37.1,28.6,25.3,30.6,23.5,,,,,,
Feb-1986,31.5,37.2,29.4,45.9,54.2,42.9,29.7,35.1,27.7,30.2,35.7,28.2,24.9,29.4,23.2,,,,,,
Mar-1986,31.4,36.9,29.6,46.9,55.1,44.4,29.1,34.2,27.5,31.0,36.4,29.3,24.5,28.7,23.1,,,,,,
Apr-1986,30.8,36.8,29.6,46.6,55.8,44.9,28.2,33.7,27.2,30.3,36.2,29.2,23.6,28.2,22.7,,,,,,
May-1986,30.5,36.0,29.6,46.1,54.6,44.8,28.0,33.1,27.1,30.3,35.8,29.4,22.9,27.0,22.2,,,,,,
Jun-1986,30.7,34.7,28.2,43.4,49.1,40.0,29.5,33.3,27.2,32.9,37.2,30.3,24.2,27.3,22.3,,,,,,
Jul-1986,31.9,32.2,26.9,44.0,44.6,37.2,31.1,31.5,26.2,34.7,35.1,29.2,25.5,25.8,21.5,,,,,,
Aug-1986,33.7,32.5,27.5,45.4,43.8,37.1,33.3,32.1,27.2,35.8,34.6,29.3,26.7,25.7,21.7,,,,,,
Sep-1986,33.8,33.0,28.0,44.3,43.3,36.8,33.9,33.1,28.1,37.5,36.6,31.1,26.5,25.8,21.9,,,,,,
Oct-1986,33.2,33.3,28.3,45.3,45.5,38.6,32.6,32.7,27.8,35.8,35.9,30.5,25.2,25.3,21.5,,,,,,
Nov-1986,33.1,33.9,28.5,46.7,47.9,40.2,31.9,32.6,27.4,34.7,35.5,29.8,25.1,25.6,21.5,,,,,,
Dec-1986,32.5,33.8,28.6,45.9,47.8,40.4,31.3,32.5,27.5,34.2,35.5,30.1,24.5,25.5,21.6,,,,,,
Jan-1987,32.8,32.9,28.9,47.0,47.3,41.5,31.3,31.4,27.5,32.2,32.3,28.4,24.1,24.2,21.2,,,,,,
Feb-1987,33.7,33.9,30.0,48.9,49.2,43.5,31.9,32.0,28.3,36.0,36.2,32.1,24.6,24.7,21.8,,,,,,
Mar-1987,33.6,34.6,30.8,49.8,51.3,45.7,31.3,32.2,28.7,36.7,37.9,33.7,23.8,24.4,21.7,,,,,,
Apr-1987,32.9,34.4,31.1,49.6,52.0,47.1,30.2,31.7,28.7,36.7,38.5,34.8,22.0,23.1,20.9,,,,,,
May-1987,33.2,34.6,31.6,50.3,52.4,48.0,30.5,31.7,29.0,38.7,40.4,36.9,21.4,22.3,20.4,,,,,,
Jun-1987,32.6,34.6,31.2,48.9,52.0,46.9,30.2,32.0,28.9,38.6,41.0,36.9,21.2,22.5,20.3,,,,,,
Jul-1987,33.1,35.1,31.3,48.7,51.7,46.1,31.0,32.9,29.3,43.2,45.9,40.9,21.0,22.3,19.8,,,,,,
Aug-1987,34.4,36.5,32.4,52.0,55.3,49.1,31.5,33.5,29.8,45.9,48.7,43.3,21.2,22.4,19.9,,,,,,
Sep-1987,33.3,35.6,32.3,51.0,54.6,49.5,30.3,32.5,29.4,43.4,46.5,42.2,20.5,21.9,19.8,,,,,,
Oct-1987,34.6,36.3,32.9,53.4,56.1,50.9,31.3,32.9,29.8,48.1,50.6,45.9,20.5,21.5,19.5,,,,,,
Nov-1987,35.9,34.9,32.9,56.3,54.7,51.7,32.2,31.2,29.4,48.1,46.7,44.1,21.2,20.6,19.4,,,,,,
Dec-1987,36.2,35.4,34.3,57.2,56.1,54.3,32.2,31.5,30.5,51.2,50.2,48.6,21.0,20.5,19.9,,,,,,
Jan-1988,36.7,36.0,34.9,59.7,58.6,56.9,31.9,31.3,30.4,53.5,52.5,50.9,20.4,20.0,19.4,,,,,,
Feb-1988,37.6,37.7,35.8,63.3,63.5,60.4,31.7,31.8,30.2,54.5,54.6,51.9,20.7,20.7,19.7,,,,,,
Mar-1988,37.8,38.4,36.9,62.8,64.0,61.5,32.3,32.8,31.5,62.9,64.0,61.5,20.0,20.3,19.5,,,,,,
Apr-1988,37.9,39.0,37.8,63.1,65.0,63.0,32.4,33.3,32.3,63.6,65.5,63.5,19.8,20.3,19.7,,,,,,
May-1988,37.6,40.4,39.0,61.6,66.4,64.1,32.5,34.9,33.7,67.9,73.1,70.5,19.5,20.9,20.2,,,,,,
Jun-1988,38.3,43.6,41.2,63.3,72.3,68.4,32.8,37.4,35.3,74.3,84.8,80.2,19.1,21.7,20.6,,,,,,
Jul-1988,37.5,43.7,40.0,65.9,76.9,70.4,30.5,35.6,32.5,58.9,68.6,62.8,19.5,22.7,20.8,,,,,,
Aug-1988,36.8,43.7,39.5,62.7,74.5,67.5,30.7,36.5,33.0,60.5,71.9,65.1,19.7,23.3,21.1,,,,,,
Sep-1988,36.6,42.7,38.7,63.2,73.8,66.9,30.3,35.3,32.0,56.3,65.7,59.5,20.3,23.6,21.4,,,,,,
Oct-1988,36.3,42.4,39.1,63.5,74.3,68.6,29.6,34.6,31.9,56.3,65.9,60.8,19.7,23.0,21.2,,,,,,
Nov-1988,35.0,41.7,39.6,59.9,71.5,68.0,29.1,34.7,32.9,57.3,68.4,65.0,18.9,22.5,21.4,,,,,,
Dec-1988,35.3,42.5,40.4,59.7,72.0,68.5,29.7,35.7,34.0,60.4,72.8,69.2,18.9,22.7,21.6,,,,,,
Jan-1989,35.0,43.6,40.5,59.7,74.5,69.3,29.2,36.4,33.8,58.7,73.3,68.1,18.7,23.3,21.6,,,,,,
Feb-1989,35.0,43.4,40.0,60.2,74.7,68.9,29.0,36.0,33.2,56.8,70.4,65.0,19.0,23.5,21.6,,,,,,
Mar-1989,36.7,43.7,39.9,63.5,75.6,69.2,30.3,36.0,32.9,57.7,68.7,62.9,19.8,23.5,21.5,,,,,,
Apr-1989,37.4,44.0,40.0,63.7,75.1,68.4,31.2,36.7,33.4,57.0,67.1,61.1,20.9,24.5,22.3,,,,,,
May-1989,38.6,44.7,39.8,64.7,75.1,66.8,32.7,37.9,33.7,59.3,68.7,61.2,22.4,26.0,23.1,,,,,,
Jun-1989,38.8,45.0,39.1,65.9,76.5,66.5,32.6,37.7,32.8,54.4,63.1,54.9,23.1,26.7,23.2,,,,,,
Jul-1989,38.8,44.0,39.2,66.1,75.2,66.9,32.4,36.8,32.7,52.1,59.2,52.6,23.3,26.5,23.5,,,,,,
Aug-1989,38.7,44.5,39.4,65.9,75.7,67.1,32.4,37.2,32.9,54.4,62.5,55.4,23.3,26.8,23.7,,,,,,
Sep-1989,38.3,45.1,39.4,65.9,77.8,67.9,31.8,37.4,32.7,51.8,61.1,53.4,23.1,27.2,23.7,,,,,,
Oct-1989,38.7,44.8,40.0,66.7,77.4,69.0,32.1,37.2,33.2,53.2,61.6,55.0,23.1,26.7,23.8,,,,,,
Nov-1989,38.5,44.9,40.2,67.1,78.3,70.2,31.7,37.0,33.1,49.5,57.7,51.7,22.9,26.7,23.9,,,,,,
Dec-1989,38.2,43.9,40.0,66.7,76.8,70.1,31.4,36.1,32.9,46.6,53.7,48.9,22.7,26.0,23.7,,,,,,
Jan-1990,38.2,43.1,39.9,66.5,75.2,69.5,31.5,35.5,32.8,44.1,49.8,46.1,22.9,25.9,23.9,,,,,,
Feb-1990,38.6,42.0,39.1,65.6,71.6,66.6,32.3,35.2,32.7,44.7,48.7,45.3,23.6,25.6,23.8,,,,,,
Mar-1990,39.0,43.1,39.3,65.8,72.8,66.5,32.8,36.2,33.1,50.5,55.8,51.0,23.8,26.2,23.9,,,,,,
Apr-1990,38.8,43.4,39.6,66.2,74.1,67.6,32.4,36.2,33.0,48.3,54.0,49.2,24.5,27.4,25.0,,,,,,
May-1990,38.7,42.6,39.3,65.1,71.7,66.3,32.6,35.9,33.2,48.9,53.9,49.7,24.8,27.3,25.2,,,,,,
Jun-1990,36.7,41.4,38.1,59.6,67.3,62.0,31.6,35.7,32.8,48.0,54.1,49.8,24.4,27.5,25.3,,,,,,
Jul-1990,35.8,40.2,37.8,55.6,62.6,58.9,31.6,35.5,33.4,47.8,53.8,50.6,24.2,27.1,25.5,,,,,,
Aug-1990,36.4,40.7,39.3,53.8,60.3,58.2,33.0,36.9,35.6,51.5,57.6,55.6,23.7,26.4,25.5,,,,,,
Sep-1990,36.6,41.4,40.3,52.7,59.6,58.1,33.7,38.0,37.1,55.1,62.2,60.7,23.3,26.3,25.6,,,,,,
Oct-1990,37.0,39.6,39.6,52.5,56.3,56.3,34.3,36.7,36.7,52.4,56.2,56.2,24.2,25.9,25.9,,,,,,
Nov-1990,37.1,37.8,38.3,53.7,54.9,55.6,34.0,34.7,35.1,47.0,48.0,48.6,25.0,25.5,25.8,,,,,,
Dec-1990,36.4,37.4,37.4,54.1,55.6,55.6,33.0,33.9,33.9,44.8,46.0,46.0,24.7,25.3,25.3,,,,,,
Jan-1991,35.8,37.3,37.1,53.1,55.5,55.3,32.4,33.8,33.6,43.8,45.7,45.5,24.5,25.5,25.4,,,,,,
Feb-1991,33.8,34.9,35.3,46.7,48.4,49.0,31.7,32.8,33.1,42.7,44.2,44.7,24.4,25.2,25.5,,,,,,
Mar-1991,34.2,36.2,35.2,47.8,50.7,49.3,31.9,33.8,32.8,43.9,46.5,45.2,24.8,26.2,25.4,,,,,,
Apr-1991,33.9,37.2,35.3,47.8,52.6,49.8,31.5,34.6,32.7,41.8,45.9,43.5,25.1,27.5,26.1,,,,,,
May-1991,34.0,37.3,35.2,50.2,55.2,52.0,30.9,33.9,31.9,39.0,42.8,40.3,24.9,27.2,25.6,,,,,,
Jun-1991,35.1,38.4,35.5,52.4,57.5,53.3,31.6,34.6,32.0,39.1,42.8,39.6,25.4,27.8,25.7,,,,,,
Jul-1991,34.5,38.3,35.4,51.5,57.3,53.0,31.1,34.6,32.0,38.8,43.1,40.0,24.9,27.6,25.5,,,,,,
Aug-1991,33.6,37.5,35.1,49.8,55.6,52.0,30.5,34.0,31.8,37.3,41.6,39.0,24.7,27.5,25.7,,,,,,
Sep-1991,33.1,37.0,35.0,49.5,55.3,52.4,29.9,33.4,31.6,36.1,40.3,38.2,24.3,27.1,25.7,,,,,,
Oct-1991,33.2,36.8,35.2,49.6,55.1,52.6,30.0,33.2,31.7,34.9,38.7,36.9,24.3,26.9,25.7,,,,,,
Nov-1991,33.9,36.6,35.5,51.5,55.8,54.2,30.3,32.7,31.8,35.1,38.0,36.9,24.3,26.3,25.5,,,,,,
Dec-1991,34.8,36.5,35.9,54.0,56.5,55.7,30.8,32.3,31.8,35.0,36.6,36.0,25.1,26.2,25.8,,,,,,
Jan-1992,35.8,36.1,35.7,55.7,56.2,55.6,31.6,31.9,31.5,37.4,37.7,37.3,25.8,26.0,25.6,,,,,,
Feb-1992,36.0,37.0,36.1,56.9,58.6,57.2,31.5,32.4,31.6,39.1,40.2,39.2,25.4,26.1,25.5,,,,,,
Mar-1992,35.2,37.2,35.6,55.4,58.7,56.2,30.8,32.6,31.2,39.2,41.5,39.7,24.9,26.3,25.2,,,,,,
Apr-1992,34.6,36.6,35.2,53.8,57.1,54.9,30.5,32.3,31.0,40.0,42.3,40.7,24.4,25.8,24.8,,,,,,
May-1992,34.9,36.2,35.2,53.6,55.7,54.2,31.0,32.1,31.2,40.3,41.8,40.7,24.8,25.7,25.0,,,,,,
Jun-1992,35.0,35.7,35.3,53.3,54.5,53.9,31.2,31.9,31.5,40.0,40.9,40.4,24.8,25.3,25.0,,,,,,
Jul-1992,35.6,34.9,35.3,52.6,51.8,52.4,32.3,31.7,32.1,42.4,41.7,42.2,25.3,24.8,25.1,,,,,,
Aug-1992,36.0,34.2,34.9,52.9,50.3,51.3,32.8,31.1,31.8,43.6,41.4,42.2,25.8,24.5,24.9,,,,,,
Sep-1992,36.2,34.2,34.9,54.0,51.1,52.2,32.7,30.8,31.5,42.6,40.2,41.1,25.8,24.3,24.8,,,,,,
Oct-1992,36.0,34.1,34.4,53.9,51.1,51.5,32.5,30.8,31.0,39.4,37.3,37.6,26.1,24.7,24.9,,,,,,
Nov-1992,36.3,34.4,33.4,53.9,51.1,49.7,32.9,31.1,30.3,39.1,37.0,36.0,26.7,25.2,24.5,,,,,,
Dec-1992,36.3,34.3,33.4,53.8,50.8,49.5,33.0,31.1,30.3,40.3,38.1,37.1,26.6,25.1,24.5,,,,,,
Jan-1993,37.4,34.8,33.6,56.6,52.7,50.9,33.5,31.2,30.1,41.3,38.5,37.2,27.3,25.4,24.5,,,,,,
Feb-1993,36.9,34.8,33.5,54.9,51.9,49.9,33.4,31.5,30.3,40.5,38.3,36.8,27.3,25.7,24.7,,,,,,
Mar-1993,34.9,34.0,32.9,51.7,50.5,48.8,31.6,30.8,29.8,37.4,36.5,35.3,25.7,25.1,24.2,,,,,,
Apr-1993,34.4,33.0,32.6,52.5,50.5,49.9,30.7,29.4,29.1,35.8,34.4,34.1,24.5,23.5,23.2,,,,,,
May-1993,35.3,33.1,32.8,53.9,50.6,50.2,31.4,29.5,29.2,36.1,33.9,33.7,24.8,23.2,23.0,,,,,,
Jun-1993,36.1,32.9,32.5,54.8,50.0,49.4,32.3,29.4,29.1,38.2,34.8,34.4,25.2,22.9,22.6,,,,,,
Jul-1993,36.6,33.9,33.0,55.6,51.6,50.4,32.7,30.3,29.5,38.9,36.1,35.2,25.2,23.3,22.7,,,,,,
Aug-1993,36.1,33.3,32.7,54.9,50.7,49.8,32.3,29.7,29.2,38.0,35.0,34.4,25.1,23.1,22.7,,,,,,
Sep-1993,36.7,32.2,31.9,56.5,49.6,49.2,32.6,28.6,28.4,37.8,33.1,32.9,25.9,22.6,22.5,,,,,,
Oct-1993,36.4,32.5,32.1,56.2,50.2,49.6,32.3,28.8,28.4,36.2,32.3,31.9,25.7,22.9,22.6,,,,,,
Nov-1993,36.2,32.9,32.1,56.3,51.3,50.0,31.9,29.1,28.3,35.0,31.9,31.1,25.5,23.2,22.6,,,,,,
Dec-1993,36.4,33.6,32.6,57.3,53.1,51.5,31.9,29.5,28.6,36.7,34.0,33.0,25.2,23.3,22.6,,,,,,
Jan-1994,36.0,34.7,33.4,56.9,54.9,52.8,31.6,30.4,29.2,37.7,36.4,35.0,24.7,23.8,22.9,,,,,,
Feb-1994,35.5,34.9,33.9,56.8,55.9,54.4,30.8,30.3,29.4,38.8,38.1,37.1,23.8,23.4,22.7,,,,,,
Mar-1994,35.6,34.4,33.8,57.9,56.0,55.0,30.7,29.6,29.1,39.2,37.9,37.2,23.5,22.7,22.3,,,,,,
Apr-1994,34.9,33.8,33.3,57.0,55.3,54.4,30.0,29.0,28.6,38.6,37.4,36.8,22.8,22.1,21.7,,,,,,
May-1994,34.7,33.8,33.5,56.7,55.3,54.9,29.8,29.0,28.8,40.3,39.3,39.0,22.2,21.6,21.4,,,,,,
Jun-1994,34.6,33.9,33.9,55.9,54.8,54.8,30.0,29.3,29.3,42.3,41.5,41.4,21.9,21.4,21.3,,,,,,
Jul-1994,34.8,33.4,34.1,55.4,53.3,54.4,30.4,29.1,29.8,44.5,42.7,43.7,21.9,21.0,21.4,,,,,,
Aug-1994,34.6,33.5,34.2,56.4,54.7,55.8,29.9,28.9,29.5,43.1,41.8,42.6,21.6,20.9,21.3,,,,,,
Sep-1994,35.4,34.2,35.0,58.7,56.7,58.2,30.3,29.2,29.9,46.0,44.5,45.6,21.5,20.7,21.2,,,,,,
Oct-1994,35.5,33.8,35.0,57.7,55.0,56.9,30.7,29.2,30.2,49.1,46.7,48.4,21.5,20.4,21.1,,,,,,
Nov-1994,35.7,34.8,35.9,58.7,57.2,59.1,30.7,29.8,30.8,53.0,51.7,53.3,21.1,20.5,21.2,,,,,,
Dec-1994,35.2,35.7,36.3,58.2,59.1,60.2,30.1,30.5,31.1,52.3,53.1,54.0,20.8,21.0,21.4,,,,,,
Jan-1995,36.3,36.1,37.0,59.1,58.8,60.4,31.3,31.1,32.0,57.0,56.7,58.2,20.9,20.8,21.3,,,,,,
Feb-1995,36.5,35.0,36.3,60.6,58.3,60.4,31.2,29.9,31.0,53.8,51.6,53.5,21.4,20.5,21.2,,,,,,
Mar-1995,36.9,33.6,36.1,61.7,56.3,60.5,31.4,28.6,30.8,52.4,47.8,51.3,21.7,19.8,21.3,,,,,,
Apr-1995,37.1,33.0,36.5,59.8,53.2,58.8,32.2,28.6,31.6,53.1,47.2,52.2,22.5,19.9,22.0,,,,,,
May-1995,37.7,33.5,36.6,60.5,53.9,58.9,32.7,29.0,31.7,51.7,46.0,50.3,23.4,20.7,22.6,,,,,,
Jun-1995,38.5,33.7,37.0,62.0,54.3,59.6,33.4,29.3,32.1,53.6,47.0,51.5,24.1,21.1,23.1,,,,,,
Jul-1995,38.1,33.8,36.9,59.7,53.1,58.0,33.4,29.7,32.4,55.6,49.3,53.9,24.1,21.4,23.3,,,,,,
Aug-1995,37.4,34.9,37.0,58.4,54.5,57.9,32.9,30.6,32.5,54.8,51.1,54.3,23.8,22.2,23.5,,,,,,
Sep-1995,36.8,35.6,37.0,57.5,55.7,57.9,32.4,31.3,32.5,50.8,49.2,51.1,24.0,23.2,24.1,,,,,,
Oct-1995,36.0,34.7,36.4,56.4,54.4,57.1,31.6,30.4,32.0,48.8,47.0,49.4,23.5,22.6,23.8,,,,,,
Nov-1995,37.1,35.2,36.8,57.8,54.9,57.6,32.6,30.9,32.4,50.9,48.3,50.7,24.1,22.9,24.0,,,,,,
Dec-1995,37.2,35.3,36.7,57.7,54.9,57.1,32.7,31.1,32.4,50.7,48.2,50.2,24.0,22.8,23.7,,,,,,
Jan-1996,37.2,35.7,36.8,57.0,54.8,56.5,32.9,31.6,32.5,48.2,46.4,47.8,24.2,23.2,23.9,,,,,,
Feb-1996,36.6,35.9,36.9,55.8,54.9,56.4,32.5,31.9,32.8,47.9,47.0,48.3,23.9,23.4,24.0,,,,,,
Mar-1996,35.8,35.9,36.8,53.9,54.2,55.6,31.9,32.0,32.8,47.6,47.8,49.0,23.4,23.5,24.0,,,,,,
Apr-1996,35.4,36.6,37.2,53.9,55.7,56.7,31.5,32.5,33.0,46.2,47.7,48.5,23.4,24.1,24.5,,,,,,
May-1996,35.2,36.9,37.4,54.5,57.3,58.1,31.0,32.6,33.0,46.0,48.3,49.0,22.9,24.0,24.3,,,,,,
Jun-1996,35.0,36.5,36.9,53.9,56.3,57.0,30.9,32.3,32.6,42.6,44.5,45.0,23.5,24.5,24.7,,,,,,
Jul-1996,34.7,36.0,36.5,52.9,54.9,55.8,30.8,31.9,32.4,41.3,42.9,43.5,23.4,24.3,24.6,,,,,,
Aug-1996,35.1,35.9,36.7,53.3,54.6,55.8,31.2,31.9,32.6,42.0,43.0,43.9,23.7,24.2,24.7,,,,,,
Sep-1996,34.6,36.0,36.5,51.7,53.9,54.7,30.9,32.2,32.7,40.3,42.0,42.7,23.5,24.4,24.8,,,,,,
Oct-1996,34.6,36.2,36.5,51.2,53.7,54.1,31.1,32.6,32.8,39.0,40.8,41.2,23.5,24.6,24.8,,,,,,
Nov-1996,34.2,35.6,36.3,49.6,51.8,52.8,30.9,32.2,32.8,41.2,43.0,43.7,23.1,24.1,24.5,,,,,,
Dec-1996,34.0,35.9,36.2,48.7,51.5,52.0,31.0,32.7,33.0,41.6,43.9,44.3,23.1,24.4,24.6,,,,,,
Jan-1997,35.0,36.5,36.3,50.3,52.5,52.3,31.8,33.1,33.0,44.9,46.8,46.7,23.5,24.5,24.3,,,,,,
Feb-1997,35.4,37.3,36.2,52.2,55.0,53.5,31.9,33.6,32.6,46.1,48.6,47.3,23.8,25.0,24.3,,,,,,
Mar-1997,35.0,38.2,36.9,53.5,58.3,56.4,31.1,33.9,32.7,46.3,50.5,48.7,23.0,25.0,24.2,,,,,,
Apr-1997,35.1,37.9,36.4,54.7,59.1,56.9,30.9,33.3,32.0,45.0,48.6,46.8,23.4,25.2,24.2,,,,,,
May-1997,35.4,37.7,36.6,54.5,58.2,56.5,31.2,33.3,32.3,46.8,50.0,48.5,23.3,24.8,24.0,,,,,,
Jun-1997,35.6,36.7,35.8,54.7,56.4,55.1,31.5,32.5,31.7,47.5,49.0,47.7,23.8,24.5,23.8,,,,,,
Jul-1997,35.5,36.4,35.2,54.3,55.7,53.8,31.5,32.3,31.2,48.8,50.0,48.3,24.1,24.6,23.8,,,,,,
Aug-1997,36.0,37.5,35.6,55.4,57.8,55.0,31.8,33.1,31.5,50.3,52.4,49.8,24.1,25.0,23.8,,,,,,
Sep-1997,36.4,36.9,35.2,56.1,56.9,54.2,32.2,32.6,31.1,49.3,50.0,47.7,24.6,24.9,23.7,,,,,,
Oct-1997,36.3,36.4,34.9,55.4,55.6,53.4,32.2,32.3,31.0,47.6,47.7,45.8,24.7,24.7,23.7,,,,,,
Nov-1997,37.3,35.9,34.6,57.8,55.6,53.7,32.9,31.7,30.5,47.8,46.0,44.4,25.7,24.7,23.8,,,,,,
Dec-1997,38.1,35.4,33.6,59.1,55.0,52.3,33.5,31.2,29.6,47.6,44.3,42.1,26.9,25.0,23.8,,,,,,
Jan-1998,37.4,34.7,32.7,57.1,53.0,49.9,33.2,30.8,29.0,46.9,43.5,40.9,26.9,24.9,23.5,,,,,,
Feb-1998,36.4,34.5,32.6,54.7,52.0,49.2,32.4,30.8,29.1,44.6,42.4,40.1,26.3,24.9,23.6,,,,,,
Mar-1998,36.3,34.4,32.4,55.3,52.5,49.5,32.2,30.5,28.8,44.9,42.6,40.1,26.4,25.0,23.5,,,,,,
Apr-1998,37.0,34.2,32.2,54.5,50.5,47.5,33.3,30.8,29.0,46.3,42.8,40.3,26.8,24.8,23.3,,,,,,
May-1998,37.4,33.4,31.5,56.1,50.2,47.3,33.4,29.9,28.1,45.8,40.9,38.6,27.3,24.4,23.0,,,,,,
Jun-1998,37.9,32.6,30.5,56.0,48.2,45.1,34.1,29.3,27.4,45.8,39.4,36.8,28.1,24.2,22.6,,,,,,
Jul-1998,36.7,32.4,30.2,54.4,48.1,44.9,32.9,29.1,27.1,44.8,39.6,37.0,26.9,23.8,22.2,,,,,,
Aug-1998,37.8,32.0,29.8,55.3,46.9,43.6,34.2,28.9,26.9,46.6,39.5,36.7,28.1,23.8,22.1,,,,,,
Sep-1998,37.4,30.8,29.4,53.0,43.6,41.7,34.2,28.1,26.9,47.0,38.7,37.0,27.9,22.9,21.9,,,,,,
Oct-1998,35.9,30.1,29.6,51.0,42.7,42.1,32.8,27.5,27.0,43.2,36.2,35.7,26.9,22.5,22.2,,,,,,
Nov-1998,34.8,30.1,29.5,50.7,44.0,43.0,31.5,27.3,26.6,42.2,36.6,35.7,25.7,22.2,21.7,,,,,,
Dec-1998,35.0,29.4,28.8,51.6,43.4,42.6,31.5,26.4,25.9,41.7,35.1,34.4,25.9,21.8,21.4,,,,,,
Jan-1999,34.6,29.5,29.1,50.9,43.5,42.9,31.1,26.6,26.2,40.4,34.5,34.0,25.7,21.9,21.6,,,,,,
Feb-1999,33.7,29.7,28.8,49.3,43.5,42.1,30.5,26.8,26.0,39.9,35.2,34.1,25.2,22.2,21.5,,,,,,
Mar-1999,34.3,30.2,28.8,50.2,44.2,42.3,31.0,27.3,26.0,40.6,35.7,34.1,25.4,22.3,21.3,,,,,,
Apr-1999,33.2,29.9,28.4,49.5,44.7,42.4,29.8,26.8,25.5,42.0,37.9,36.0,23.0,20.7,19.7,,,,,,
May-1999,32.1,30.0,28.4,48.5,45.4,42.9,28.6,26.7,25.3,42.1,39.3,37.2,21.8,20.3,19.2,,,,,,
Jun-1999,32.5,30.3,28.4,49.9,46.6,43.7,28.8,26.8,25.2,41.6,38.8,36.4,22.3,20.8,19.5,,,,,,
Jul-1999,32.7,30.5,28.6,49.7,46.5,43.7,29.0,27.1,25.4,44.6,41.8,39.2,21.6,20.2,18.9,,,,,,
Aug-1999,34.1,30.7,29.4,52.5,47.3,45.2,30.2,27.2,26.0,47.0,42.3,40.5,22.0,19.8,18.9,,,,,,
Sep-1999,34.3,30.8,29.7,51.6,46.3,44.7,30.6,27.5,26.5,48.9,43.9,42.4,21.7,19.5,18.8,,,,,,
Oct-1999,34.8,31.1,30.2,50.0,44.7,43.6,31.6,28.2,27.5,48.1,43.0,41.9,21.8,19.4,18.9,,,,,,
Nov-1999,35.1,31.0,29.9,50.7,44.9,43.3,31.8,28.1,27.1,49.4,43.7,42.2,21.7,19.2,18.5,,,,,,
Dec-1999,34.9,31.0,29.8,49.1,43.7,42.0,32.0,28.4,27.3,51.6,45.9,44.1,21.5,19.1,18.3,,,,,,
Jan-2000,34.8,31.8,30.5,48.7,44.6,42.8,32.0,29.2,28.0,52.8,48.3,46.3,21.2,19.3,18.5,,,,,,
Feb-2000,37.0,32.9,31.0,51.6,46.0,43.4,34.0,30.3,28.5,55.1,49.0,46.2,22.1,19.7,18.5,,,,,,
Mar-2000,37.8,32.6,30.7,54.0,46.7,44.0,34.4,29.7,28.0,55.4,47.9,45.1,22.5,19.4,18.3,,,,,,
Apr-2000,38.3,32.5,30.5,56.7,48.2,45.3,34.4,29.2,27.4,53.4,45.3,42.6,23.0,19.5,18.3,,,,,,
May-2000,40.0,33.6,30.9,59.7,50.2,46.1,35.9,30.1,27.7,56.2,47.2,43.3,23.8,20.0,18.4,,,,,,
Jun-2000,39.8,33.8,31.5,58.5,49.7,46.4,35.8,30.4,28.3,53.9,45.8,42.7,23.5,19.9,18.6,,,,,,
Jul-2000,40.3,34.1,31.6,59.9,50.7,47.1,36.1,30.6,28.4,55.9,47.3,43.9,23.5,19.9,18.5,,,,,,
Aug-2000,40.8,34.5,31.6,61.3,51.9,47.6,36.5,30.8,28.3,56.3,47.6,43.7,23.9,20.2,18.5,,,,,,
Sep-2000,43.2,35.2,31.9,62.9,51.3,46.6,39.0,31.8,28.8,62.0,50.6,45.9,25.0,20.3,18.4,,,,,,
Oct-2000,44.9,35.0,31.6,66.6,52.1,47.0,40.3,31.5,28.4,60.7,47.5,42.8,26.4,20.6,18.5,,,,,,
Nov-2000,44.8,34.7,31.2,67.0,52.0,46.7,40.1,31.1,28.0,59.8,46.3,41.7,26.5,20.5,18.4,,,,,,
Dec-2000,42.8,34.5,31.3,64.6,52.1,47.3,38.2,30.8,27.9,59.3,47.8,43.3,25.6,20.6,18.7,,,,,,
Jan-2001,42.5,34.5,31.5,64.8,52.7,48.1,37.7,30.6,27.9,58.9,47.9,43.7,25.4,20.6,18.8,,,,,,
Feb-2001,44.3,34.8,31.6,67.2,53.0,48.1,39.4,31.0,28.1,60.6,47.7,43.3,26.2,20.6,18.7,,,,,,
Mar-2001,46.0,34.5,31.0,72.0,54.1,48.6,40.4,30.3,27.2,61.3,46.0,41.3,27.5,20.6,18.5,,,,,,
Apr-2001,47.0,35.3,31.4,71.8,54.1,48.1,41.6,31.3,27.8,60.9,45.9,40.7,29.2,22.0,19.5,,,,,,
May-2001,46.5,36.4,32.2,69.0,54.2,48.0,41.7,32.7,28.9,60.1,47.2,41.7,29.5,23.1,20.4,,,,,,
Jun-2001,46.3,36.5,32.0,68.3,53.9,47.3,41.6,32.8,28.8,57.5,45.4,39.8,30.3,23.9,20.9,,,,,,
Jul-2001,46.5,36.1,31.6,68.9,53.6,47.0,41.8,32.4,28.4,56.0,43.5,38.1,31.2,24.2,21.2,,,,,,
Aug-2001,45.5,35.7,31.8,67.6,53.1,47.4,40.8,32.0,28.6,52.6,41.3,36.8,30.8,24.1,21.5,,,,,,
Sep-2001,47.4,35.5,32.0,71.0,53.2,48.0,42.4,31.7,28.6,52.5,39.4,35.5,32.3,24.2,21.8,,,,,,
Oct-2001,45.4,34.1,30.6,66.4,49.9,44.8,41.0,30.8,27.6,50.5,37.9,34.0,32.6,24.4,21.9,,,,,,
Nov-2001,44.5,34.5,30.7,66.5,51.6,45.9,39.8,30.9,27.4,51.4,39.8,35.4,31.9,24.7,22.0,,,,,,
Dec-2001,44.7,34.6,30.6,68.3,53.0,46.9,39.7,30.7,27.2,52.5,40.6,36.0,31.4,24.3,21.5,,,,,,
Jan-2002,44.9,35.2,30.9,69.4,54.5,47.9,39.7,31.1,27.3,54.2,42.5,37.3,31.0,24.2,21.3,,,,,,
Feb-2002,45.0,35.3,30.8,68.8,54.0,47.1,40.0,31.4,27.3,54.6,42.9,37.4,31.1,24.4,21.2,,,,,,
Mar-2002,45.1,36.1,31.6,69.0,55.2,48.3,40.1,32.0,28.1,55.4,44.3,38.8,30.8,24.5,21.5,,,,,,
Apr-2002,44.4,36.1,31.7,65.8,53.5,47.1,39.9,32.4,28.5,54.0,43.8,38.6,30.1,24.4,21.5,,,,,,
May-2002,43.1,35.3,31.6,62.6,51.4,46.0,39.0,32.0,28.6,51.5,42.2,37.8,29.3,24.0,21.4,,,,,,
Jun-2002,41.9,35.0,31.8,61.9,51.8,47.1,37.7,31.4,28.6,50.7,42.3,38.5,28.0,23.4,21.3,,,,,,
Jul-2002,43.5,34.5,32.2,66.8,53.0,49.5,38.6,30.6,28.5,51.6,40.9,38.1,28.4,22.5,21.0,,,,,,
Aug-2002,44.6,34.8,32.2,70.5,55.1,51.0,39.1,30.6,28.3,50.3,39.3,36.4,29.2,22.8,21.1,,,,,,
Sep-2002,45.2,35.6,33.0,75.1,59.2,54.9,38.9,30.6,28.4,49.9,39.3,36.4,28.6,22.5,20.8,,,,,,
Oct-2002,45.7,36.3,33.5,78.1,62.1,57.3,38.8,30.8,28.4,50.1,39.8,36.7,28.0,22.2,20.5,,,,,,
Nov-2002,45.2,36.3,33.9,76.3,61.3,57.2,38.7,31.0,28.9,51.6,41.4,38.7,28.0,22.5,21.0,,,,,,
Dec-2002,45.5,36.4,34.1,75.2,60.3,56.6,39.1,31.3,29.4,51.5,41.3,38.7,27.6,22.1,20.7,,,,,,
Jan-2003,44.6,36.2,34.6,71.7,58.3,55.8,38.8,31.5,30.1,51.2,41.6,39.8,26.7,21.6,20.7,,,,,,
Feb-2003,44.5,36.7,35.3,71.2,58.9,56.6,38.8,32.1,30.8,52.0,43.0,41.3,26.2,21.6,20.7,,,,,,
Mar-2003,43.0,36.0,34.5,69.9,58.6,56.3,37.3,31.2,30.0,50.2,42.0,40.4,25.4,21.3,20.4,,,,,,
Apr-2003,41.4,35.1,33.6,67.5,57.3,55.0,35.8,30.4,29.1,47.6,40.4,38.8,25.3,21.5,20.6,,,,,,
May-2003,39.1,34.2,33.7,60.7,53.2,52.4,34.5,30.2,29.7,46.9,41.0,40.5,23.8,20.8,20.5,,,,,,
Jun-2003,38.3,34.2,34.0,58.9,52.7,52.3,34.0,30.3,30.1,46.7,41.7,41.4,23.6,21.0,20.8,,,,,,
Jul-2003,38.7,34.8,34.2,60.0,54.1,53.0,34.2,30.8,30.2,47.8,43.1,42.3,23.2,20.9,20.4,,,,,,
Aug-2003,40.1,35.8,34.8,63.4,56.7,55.1,35.2,31.4,30.5,49.6,44.4,43.1,23.5,21.0,20.3,,,,,,
Sep-2003,39.9,36.0,35.2,63.2,57.1,55.8,35.0,31.6,30.8,49.2,44.5,43.4,23.4,21.1,20.6,,,,,,
Oct-2003,39.3,36.2,36.3,62.7,57.8,58.1,34.3,31.6,31.7,50.3,46.4,46.6,22.4,20.7,20.7,,,,,,
Nov-2003,38.8,36.9,37.0,62.9,59.8,60.1,33.7,32.0,32.2,51.1,48.6,48.8,21.6,20.5,20.6,,,,,,
Dec-2003,38.4,36.8,37.8,60.3,57.9,59.5,33.8,32.4,33.3,53.9,51.7,53.1,21.1,20.2,20.7,,,,,,
Jan-2004,38.5,37.8,39.5,62.6,61.5,64.3,33.4,32.8,34.2,54.5,53.5,55.9,20.6,20.2,21.1,,,,,,
Feb-2004,38.4,38.0,39.8,58.1,57.5,60.3,34.2,33.8,35.5,57.0,56.4,59.2,21.0,20.7,21.7,,,,,,
Mar-2004,40.6,39.3,40.6,61.3,59.4,61.4,36.2,35.0,36.2,58.5,56.7,58.5,22.8,22.0,22.8,,,,,,
Apr-2004,41.6,40.3,41.3,62.4,60.6,62.1,37.2,36.1,37.0,57.7,56.1,57.5,25.2,24.5,25.1,,,,,,
May-2004,45.0,41.6,42.3,65.3,60.5,61.5,40.7,37.6,38.3,57.2,52.9,53.8,28.8,26.6,27.1,,,,,,
Jun-2004,45.6,41.1,42.2,65.4,59.0,60.7,41.4,37.3,38.3,61.4,55.4,56.9,29.5,26.6,27.3,,,,,,
Jul-2004,45.0,41.7,43.0,60.9,56.4,58.3,41.7,38.6,39.8,62.2,57.5,59.4,29.2,27.0,27.8,,,,,,
Aug-2004,46.4,42.8,43.9,60.4,55.8,57.3,43.5,40.1,41.2,60.9,56.2,57.7,30.3,27.9,28.6,,,,,,
Sep-2004,47.4,43.2,44.3,63.0,57.5,59.1,44.1,40.2,41.3,62.4,56.9,58.4,30.3,27.6,28.3,,,,,,
Oct-2004,46.8,44.1,45.7,59.5,56.2,58.2,44.1,41.6,43.1,63.0,59.5,61.7,30.3,28.5,29.5,,,,,,
Nov-2004,44.8,43.3,45.9,57.5,55.7,59.0,42.1,40.7,43.1,60.4,58.5,62.0,29.6,28.7,30.3,,,,,,
Dec-2004,44.3,42.1,45.4,58.4,55.5,59.9,41.4,39.2,42.3,61.3,58.2,62.8,29.7,28.2,30.4,,,,,,
Jan-2005,45.5,43.4,46.5,58.9,56.3,60.3,42.7,40.8,43.6,62.3,59.5,63.6,30.2,28.8,30.8,,,,,,
Feb-2005,45.4,44.4,47.2,57.1,56.0,59.6,42.9,42.0,44.7,63.1,61.8,65.8,30.2,29.5,31.4,,,,,,
Mar-2005,46.8,45.8,49.0,57.5,56.3,60.3,44.6,43.6,46.6,65.8,64.4,68.9,30.3,29.6,31.7,,,,,,
Apr-2005,52.1,50.7,53.6,56.9,55.5,58.8,51.0,49.7,52.6,65.1,63.5,67.2,41.4,40.3,42.6,,,,,,
May-2005,51.9,50.4,53.0,56.0,54.5,57.3,51.0,49.6,52.1,63.7,62.0,65.2,43.6,42.4,44.5,,,,,,
Jun-2005,53.3,53.0,54.5,55.2,54.9,56.5,53.0,52.6,54.1,63.9,63.5,65.4,45.7,45.4,46.7,,,,,,
Jul-2005,55.6,54.9,55.8,57.5,56.8,57.8,55.2,54.5,55.4,63.8,63.0,64.1,48.0,47.4,48.1,,,,,,
Aug-2005,56.6,55.8,57.4,56.3,55.7,57.3,56.6,55.9,57.5,66.0,65.3,67.1,47.6,47.0,48.3,,,,,,
Sep-2005,57.0,56.6,58.1,58.0,57.7,59.3,56.8,56.4,57.9,65.2,64.8,66.6,47.3,47.0,48.2,,,,,,
Oct-2005,58.0,57.6,58.4,59.9,59.6,60.4,57.7,57.2,58.0,67.3,66.8,67.7,49.2,48.8,49.4,,,,,,
Nov-2005,59.3,58.1,58.2,61.0,59.9,59.9,59.0,57.8,57.9,72.1,70.7,70.8,50.7,49.6,49.6,,,,,,
Dec-2005,60.7,59.9,60.1,61.9,61.1,61.3,60.5,59.7,59.8,78.3,77.3,77.5,50.0,49.3,49.4,,,,,,
Jan-2006,62.0,61.1,61.9,62.9,62.1,62.9,61.8,60.9,61.8,82.7,81.6,82.7,48.5,47.8,48.4,,,,,,
Feb-2006,63.3,62.2,62.6,66.7,65.7,66.1,62.6,61.5,61.9,86.7,85.2,85.8,49.1,48.2,48.5,,,,,,
Mar-2006,64.7,62.3,62.8,67.1,64.7,65.3,64.2,61.8,62.3,89.3,86.0,86.8,50.4,48.5,48.9,,,,,,
Apr-2006,67.2,64.8,65.9,66.8,64.6,65.6,67.3,64.9,66.0,102.7,99.1,100.7,49.0,47.2,48.0,,,,,,
May-2006,67.4,65.8,68.6,65.7,64.2,67.0,67.8,66.2,69.0,114.2,111.5,116.3,46.8,45.6,47.6,,,,,,
Jun-2006,67.4,64.2,66.6,66.0,63.0,65.3,67.7,64.5,66.9,106.3,101.3,105.0,49.8,47.4,49.1,,,,,,
Jul-2006,68.5,66.3,68.7,67.1,65.1,67.4,68.8,66.6,69.0,113.8,110.2,114.2,48.1,46.5,48.1,,,,,,
Aug-2006,68.0,66.4,69.2,64.9,63.4,66.1,68.7,67.1,69.9,116.3,113.6,118.4,47.0,45.8,47.7,,,,,,
Sep-2006,66.7,64.8,67.3,65.4,63.7,66.1,67.0,65.1,67.6,117.2,113.9,118.4,47.0,45.6,47.3,,,,,,
Oct-2006,67.2,65.4,67.5,68.7,67.0,69.2,66.9,65.1,67.2,125.1,121.7,125.8,46.6,45.3,46.8,,,,,,
Nov-2006,66.4,65.5,68.3,69.6,68.8,71.8,65.7,64.9,67.7,122.8,121.3,126.5,45.8,45.2,47.1,,,,,,
Dec-2006,66.2,65.7,69.4,68.4,67.9,71.8,65.8,65.2,69.0,123.3,122.3,129.3,44.9,44.5,47.0,,,,,,
Jan-2007,64.9,64.8,67.9,68.6,68.5,71.8,64.2,64.0,67.1,119.3,119.1,124.8,44.7,44.5,46.7,,,,,,
Feb-2007,66.6,66.3,69.5,68.7,68.4,71.8,66.2,65.8,69.0,122.7,122.2,128.1,45.3,45.0,47.2,,,,,,
Mar-2007,67.0,67.0,70.7,68.1,68.2,72.1,66.8,66.7,70.5,128.3,128.4,135.6,44.8,44.8,47.3,,,,,,
Apr-2007,66.4,68.6,73.1,64.5,66.8,71.2,66.8,69.1,73.5,134.1,138.6,147.7,42.9,44.3,47.1,,,,,,
May-2007,66.9,69.1,73.6,65.0,67.4,71.7,67.3,69.5,74.0,137.0,141.7,150.8,42.8,44.2,47.0,,,,,,
Jun-2007,64.6,68.5,72.5,65.9,70.0,74.2,64.3,68.2,72.3,122.7,130.2,138.0,42.4,45.0,47.6,,,,,,
Jul-2007,63.4,68.4,73.3,67.3,72.8,78.0,62.6,67.5,72.3,116.0,125.4,134.4,40.8,44.0,47.1,,,,,,
Aug-2007,65.3,67.4,72.3,72.6,75.0,80.4,63.8,65.9,70.6,110.2,113.8,122.0,43.0,44.4,47.5,,,,,,
Sep-2007,67.0,69.8,75.4,79.3,82.8,89.5,64.4,67.1,72.5,108.1,112.7,121.9,43.1,44.8,48.4,,,,,,
Oct-2007,65.2,71.5,78.1,77.3,84.8,92.7,62.7,68.8,75.1,106.8,117.2,128.0,40.5,44.4,48.4,,,,,,
Nov-2007,66.3,71.5,79.5,75.8,81.8,91.0,64.3,69.4,77.1,100.3,108.2,120.2,41.9,45.2,50.1,,,,,,
Dec-2007,68.3,71.9,79.4,82.1,86.7,95.7,65.3,68.8,76.0,93.9,99.0,109.3,43.8,46.1,50.9,,,,,,
Jan-2008,69.3,73.5,81.5,83.3,88.4,98.2,66.4,70.3,78.0,96.5,102.3,113.6,44.8,47.5,52.6,,,,,,
Feb-2008,70.6,77.3,85.9,85.8,94.2,104.7,67.3,73.8,82.0,102.3,112.1,124.6,44.6,48.8,54.2,,,,,,
Mar-2008,73.7,79.5,90.9,86.2,93.1,106.5,71.1,76.7,87.7,106.9,115.4,132.0,48.0,51.7,59.1,,,,,,
Apr-2008,79.0,85.4,98.0,79.2,85.7,98.5,79.0,85.4,98.0,104.3,112.8,129.5,61.0,65.9,75.7,,,,,,
May-2008,81.7,90.9,103.4,74.2,82.6,94.0,83.4,92.7,105.5,95.7,106.5,121.2,69.9,77.7,88.4,,,,,,
Jun-2008,86.5,96.8,109.7,77.1,86.5,98.0,88.5,99.1,112.2,91.4,102.4,116.0,79.5,88.9,100.7,,,,,,
Jul-2008,90.1,101.1,115.7,76.9,86.4,98.9,93.0,104.3,119.3,89.9,101.0,115.5,85.8,96.2,110.0,,,,,,
Aug-2008,96.9,102.6,114.1,81.6,86.6,96.3,100.1,105.9,117.8,89.5,94.8,105.5,95.8,101.3,112.7,,,,,,
Sep-2008,104.4,104.7,114.2,80.6,80.9,88.3,108.9,109.2,119.1,89.3,89.7,97.8,107.2,107.4,117.1,,,,,,
Oct-2008,116.5,101.2,107.6,80.3,69.9,74.4,123.0,106.8,113.6,82.7,71.9,76.5,125.6,109.0,115.8,,,,,,
Nov-2008,113.9,95.8,99.5,76.6,64.5,67.1,120.5,101.3,105.3,74.1,62.4,64.9,126.6,106.4,110.5,,,,,,
Dec-2008,104.5,87.6,93.2,74.9,62.9,67.0,109.9,92.1,98.1,59.9,50.2,53.5,117.4,98.3,104.7,,,,,,
Jan-2009,100.0,85.1,90.4,75.9,64.7,68.7,104.5,88.9,94.4,60.1,51.2,54.4,111.2,94.5,100.3,78.1,66.4,70.5,72.2,61.3,65.0
Feb-2009,100.9,83.8,87.3,75.9,63.1,65.8,105.6,87.6,91.4,60.1,50.0,52.1,112.2,93.1,97.0,80.8,67.1,69.9,76.5,63.4,66.0
Mar-2009,93.0,79.3,82.4,75.2,64.3,66.8,96.5,82.3,85.5,61.8,52.7,54.8,99.4,84.7,87.9,70.6,60.2,62.5,60.3,51.3,53.2
Apr-2009,80.1,72.8,76.1,72.2,65.7,68.8,82.0,74.5,78.0,64.4,58.5,61.2,80.8,73.4,76.7,65.0,59.0,61.7,55.1,49.9,52.2
May-2009,70.9,67.7,72.0,72.8,69.7,74.2,71.3,68.1,72.4,62.4,59.6,63.5,65.9,62.9,66.9,61.5,58.7,62.4,50.8,48.4,51.5
Jun-2009,70.2,69.4,75.1,69.8,69.0,74.8,71.0,70.1,75.9,64.7,64.0,69.3,63.1,62.3,67.4,62.8,62.1,67.2,51.9,51.2,55.4
Jul-2009,68.9,67.9,73.9,68.7,67.8,73.7,69.7,68.6,74.7,67.5,66.5,72.4,61.7,60.8,66.1,67.3,66.3,72.2,60.5,59.6,64.8
Aug-2009,68.5,69.7,76.1,66.8,68.1,74.5,69.4,70.6,77.1,75.6,77.0,84.2,59.4,60.4,66.0,71.3,72.5,79.2,66.2,67.3,73.5
Sep-2009,68.2,70.9,78.3,65.1,67.7,74.9,69.3,72.0,79.6,72.7,75.6,83.6,59.7,62.0,68.4,67.1,69.7,77.0,59.5,61.7,68.2
Oct-2009,65.8,71.4,79.5,63.7,69.2,77.2,66.7,72.4,80.7,71.1,77.3,86.1,55.8,60.6,67.4,66.1,71.8,79.9,58.4,63.3,70.5
Nov-2009,67.2,73.6,82.5,64.9,71.2,79.8,68.2,74.6,83.7,72.9,79.9,89.5,55.9,61.2,68.5,68.8,75.3,84.4,60.8,66.5,74.5
Dec-2009,69.2,74.9,83.1,67.5,73.2,81.3,70.1,75.9,84.2,80.0,86.6,96.1,56.7,61.3,68.0,74.7,80.8,89.7,68.5,74.0,82.0
Jan-2010,70.5,78.3,85.9,68.1,75.7,83.1,71.6,79.5,87.2,81.3,90.3,99.1,58.3,64.7,70.9,81.3,90.3,99.0,79.2,87.8,96.2
Feb-2010,73.5,80.6,86.9,69.7,76.5,82.5,74.8,82.0,88.4,77.6,85.1,91.8,63.4,69.4,74.9,84.6,92.7,99.9,84.5,92.4,99.6
Mar-2010,73.2,83.1,89.0,66.8,75.9,81.4,74.9,85.0,91.1,81.2,92.3,98.9,63.9,72.4,77.6,86.3,98.0,104.9,88.5,100.3,107.3
Apr-2010,82.9,96.2,102.3,66.3,77.1,82.0,86.2,100.0,106.4,84.1,97.7,103.9,79.9,92.6,98.5,95.2,110.4,117.4,102.3,118.4,125.9
May-2010,89.6,100.3,104.1,67.5,75.7,78.6,93.8,104.9,108.9,78.1,87.4,90.8,90.1,100.8,104.6,96.5,108.0,112.1,102.6,114.7,119.0
Jun-2010,92.6,102.3,105.3,66.6,73.7,75.8,97.4,107.6,110.7,74.1,81.9,84.3,94.8,104.6,107.6,93.3,103.0,105.9,96.3,106.1,109.1
Jul-2010,93.6,103.7,109.1,68.7,76.2,80.3,98.2,108.8,114.5,75.0,83.1,87.5,97.5,107.9,113.5,86.8,96.1,101.1,85.6,94.6,99.5
Aug-2010,94.4,106.5,113.4,75.0,84.8,90.3,98.2,110.8,117.9,78.6,88.8,94.5,96.8,109.1,116.1,90.1,101.6,108.1,89.2,100.4,106.8
Sep-2010,91.3,106.7,114.0,78.3,91.5,97.8,94.2,110.0,117.5,79.1,92.4,98.7,94.2,109.9,117.4,85.9,100.3,107.1,84.7,98.8,105.4
Oct-2010,87.0,103.4,113.7,77.9,92.7,102.0,89.2,106.0,116.6,81.3,96.7,106.4,86.0,102.2,112.3,86.1,102.4,112.6,84.4,100.1,110.0
Nov-2010,87.7,105.8,115.8,80.8,97.5,106.8,89.6,108.0,118.3,80.3,96.9,106.1,85.1,102.5,112.1,90.9,109.6,119.9,90.3,108.7,118.9
Dec-2010,90.6,111.4,119.9,86.2,106.2,114.3,92.2,113.3,121.9,83.5,102.7,110.5,87.1,107.0,115.0,96.6,118.8,127.7,97.0,119.1,128.0
Jan-2011,94.2,115.3,124.9,91.8,112.6,122.0,95.4,116.9,126.6,86.7,106.2,115.1,91.1,111.5,120.7,106.4,130.3,141.1,111.6,136.4,147.6
Feb-2011,97.4,119.6,130.9,96.9,119.2,130.6,98.4,120.8,132.3,88.5,108.8,119.2,94.6,116.1,127.1,108.2,132.8,145.4,112.6,138.1,151.1
Mar-2011,98.9,120.3,133.1,94.1,114.7,127.0,100.5,122.3,135.4,87.1,106.0,117.4,97.2,118.1,130.7,104.0,126.5,140.0,105.7,128.3,141.9
Apr-2011,100.4,126.6,141.7,91.0,114.9,128.6,102.8,129.6,145.0,84.9,107.2,120.0,99.6,125.5,140.3,103.2,130.1,145.5,104.0,130.9,146.3
May-2011,102.1,129.9,145.5,87.0,110.9,124.3,105.3,134.0,150.1,79.7,101.4,113.6,105.8,134.4,150.5,98.8,125.6,140.7,99.7,126.7,141.8
Jun-2011,103.3,130.3,146.0,84.6,106.8,119.8,107.1,135.1,151.4,80.2,101.2,113.5,105.5,132.9,149.0,99.3,125.2,140.4,98.4,123.9,138.8
Jul-2011,101.8,130.7,146.1,79.3,102.0,114.1,106.1,136.3,152.3,81.5,104.8,117.2,103.0,132.1,147.6,98.9,126.9,141.8,97.8,125.4,140.1
Aug-2011,104.1,129.5,145.8,81.7,101.9,114.7,108.4,134.9,151.8,77.7,96.8,109.0,105.0,130.6,146.9,101.4,126.2,142.0,100.4,124.7,140.2
Sep-2011,104.3,128.7,142.3,82.1,101.5,112.3,108.6,134.0,148.2,75.4,93.1,102.9,106.6,131.5,145.3,101.1,124.7,137.9,101.1,124.4,137.5
Oct-2011,101.1,123.8,136.4,79.1,97.1,106.9,105.4,129.0,142.1,69.8,85.6,94.3,103.1,126.2,138.9,93.7,114.5,126.0,90.5,110.4,121.4
Nov-2011,96.5,118.3,130.0,77.9,95.7,105.2,100.1,122.8,134.9,69.2,84.9,93.3,94.0,115.2,126.5,89.3,109.4,120.1,82.1,100.5,110.2
Dec-2011,93.2,116.1,125.8,75.8,94.6,102.5,96.7,120.3,130.4,68.3,85.1,92.3,90.3,112.4,121.8,87.1,108.4,117.4,80.2,99.7,108.0
Jan-2012,90.4,116.4,125.2,76.0,97.9,105.4,93.4,120.2,129.2,70.5,90.8,97.7,86.7,111.5,119.9,86.6,111.4,119.8,80.5,103.4,111.1
Feb-2012,88.5,116.6,126.5,74.9,98.8,107.3,91.3,120.2,130.5,70.7,93.2,101.2,83.2,109.5,118.8,85.5,112.6,122.1,78.4,103.1,111.8
Mar-2012,90.7,118.1,127.5,77.1,100.5,108.6,93.5,121.7,131.4,71.0,92.5,99.9,84.8,110.3,119.1,87.1,113.4,122.4,79.1,102.8,110.9
Apr-2012,90.4,115.2,124.6,76.2,97.3,105.3,93.3,118.9,128.6,69.8,89.1,96.4,85.9,109.4,118.2,87.7,111.8,120.9,81.6,103.8,112.2
May-2012,91.8,113.9,122.3,75.2,93.4,100.3,95.2,118.0,126.7,69.7,86.6,93.0,87.2,108.1,116.1,87.6,108.7,116.7,80.4,99.6,106.9
Jun-2012,89.5,112.2,119.2,73.6,92.3,98.1,92.7,116.2,123.4,65.9,82.6,87.7,84.6,105.9,112.5,86.5,108.3,115.0,79.7,99.7,105.8
Jul-2012,86.3,112.1,118.4,78.3,101.9,107.7,88.2,114.5,121.0,64.1,83.4,88.1,79.4,103.0,108.8,82.6,107.3,113.3,73.8,95.7,101.1
Aug-2012,82.6,108.8,115.3,76.5,101.0,107.1,84.1,110.8,117.4,62.3,82.1,87.0,74.2,97.7,103.5,74.8,98.5,104.4,62.3,82.0,86.8
Sep-2012,78.6,101.3,109.0,76.9,99.2,106.9,79.5,102.4,110.2,69.2,89.1,96.0,67.5,86.8,93.4,72.2,93.0,100.1,57.9,74.5,80.1
Oct-2012,77.2,98.2,106.1,77.7,99.0,107.0,77.7,98.9,106.7,68.1,86.6,93.6,65.7,83.5,90.2,74.4,94.6,102.1,61.7,78.4,84.6
Nov-2012,77.2,99.9,107.1,76.5,99.2,106.4,77.9,100.8,108.0,65.8,85.3,91.5,66.0,85.4,91.5,75.4,97.7,104.7,63.8,82.4,88.3
Dec-2012,77.6,100.4,108.2,76.4,99.0,106.8,78.4,101.3,109.3,69.0,89.3,96.3,66.7,86.2,92.9,78.6,101.7,109.6,68.8,88.8,95.7
Jan-2013,81.7,106.3,114.4,76.0,99.1,106.6,83.2,108.2,116.4,68.6,89.3,96.1,72.7,94.5,101.6,83.5,108.6,116.8,75.9,98.5,105.9
Feb-2013,84.6,108.7,116.4,77.0,99.0,106.1,86.4,111.0,118.9,70.5,90.6,97.0,76.6,98.3,105.2,86.6,111.2,119.1,79.9,102.5,109.7
Mar-2013,82.9,108.4,114.3,76.8,100.6,106.0,84.5,110.4,116.4,65.7,86.0,90.6,75.2,98.3,103.6,81.7,106.7,112.5,73.6,96.1,101.2
Apr-2013,81.6,107.2,113.0,75.3,99.1,104.4,83.2,109.3,115.2,62.6,82.3,86.7,75.1,98.6,103.9,78.7,103.4,108.9,70.8,92.9,97.8
May-2013,82.9,104.3,109.6,77.5,97.6,102.6,84.4,106.1,111.6,64.9,81.7,85.9,75.6,95.0,99.9,78.4,98.6,103.6,68.8,86.4,90.8
Jun-2013,83.1,98.6,104.6,80.0,95.0,100.8,84.2,99.9,106.0,67.1,79.7,84.5,73.8,87.4,92.7,78.3,92.9,98.5,66.6,78.9,83.6
Jul-2013,85.2,98.9,104.2,79.9,92.9,97.9,86.6,100.5,105.9,67.7,78.7,82.9,75.3,87.3,91.9,83.2,96.5,101.7,72.4,83.9,88.4
Aug-2013,86.5,98.0,104.2,79.8,90.5,96.4,88.2,99.8,106.2,71.3,80.7,86.0,78.2,88.4,94.1,86.5,97.9,104.2,78.2,88.4,94.0
Sep-2013,85.3,99.0,105.6,78.5,91.2,97.3,87.0,100.9,107.6,67.9,78.8,84.1,77.2,89.5,95.4,83.9,97.3,103.7,75.2,87.0,92.8
Oct-2013,83.0,97.6,105.3,79.0,93.1,100.5,84.2,99.0,106.8,67.4,79.3,85.6,74.6,87.6,94.5,81.3,95.5,103.0,72.0,84.6,91.2
Nov-2013,83.9,97.3,104.4,78.9,91.7,98.4,85.3,98.9,106.1,67.0,77.8,83.5,76.2,88.2,94.6,83.9,97.3,104.3,76.1,88.1,94.5
Dec-2013,88.1,97.9,105.5,80.7,89.8,96.9,89.9,99.8,107.6,70.6,78.5,84.7,79.7,88.4,95.3,86.1,95.6,103.1,76.7,85.1,91.6
Jan-2014,88.2,96.9,104.3,79.4,87.3,94.0,90.2,99.0,106.6,71.9,79.1,85.1,80.0,87.8,94.4,84.9,93.2,100.3,75.1,82.3,88.5
Feb-2014,86.4,95.8,103.3,80.7,89.6,96.7,87.9,97.4,105.1,70.0,77.6,83.7,77.0,85.2,91.9,82.3,91.2,98.3,70.9,78.4,84.5
Mar-2014,82.2,91.7,99.4,84.8,94.7,102.8,82.5,92.0,99.8,67.6,75.5,81.9,70.5,78.6,85.2,77.5,86.3,93.6,63.7,70.9,76.8
Apr-2014,78.6,90.0,97.6,83.0,95.2,103.4,78.6,90.0,97.6,68.2,78.1,84.8,66.5,76.1,82.5,76.2,87.3,94.6,63.2,72.3,78.3
May-2014,75.9,86.9,94.3,84.7,97.1,105.3,75.3,86.2,93.5,68.8,78.8,85.4,62.3,71.2,77.2,73.3,83.8,90.9,58.6,67.0,72.6
Jun-2014,72.8,84.2,90.9,82.6,95.6,103.3,72.0,83.3,89.9,69.4,80.3,86.8,57.9,66.8,72.2,70.4,81.3,87.8,54.6,63.0,68.0
Jul-2014,71.6,83.0,89.7,80.7,93.6,101.3,70.9,82.2,88.8,72.8,84.4,91.3,56.8,65.7,71.0,70.4,81.5,88.1,55.3,63.9,69.0
Aug-2014,70.9,82.2,87.9,79.9,92.8,99.4,70.2,81.3,87.0,74.4,86.3,92.4,55.9,64.8,69.3,69.4,80.4,86.0,54.1,62.6,66.9
Sep-2014,70.9,81.3,85.6,80.1,92.1,97.0,70.1,80.5,84.7,74.6,85.7,90.3,54.5,62.5,65.7,68.3,78.3,82.4,51.1,58.5,61.6
Oct-2014,70.3,79.0,82.4,83.3,93.8,97.8,69.1,77.7,80.9,75.1,84.4,88.0,53.3,59.9,62.3,68.6,77.1,80.3,51.3,57.6,59.9
Nov-2014,69.9,78.4,80.7,84.7,95.2,97.9,68.5,76.8,79.0,77.7,87.2,89.7,52.5,58.8,60.5,67.2,75.3,77.4,48.9,54.8,56.3
Dec-2014,70.3,75.6,77.2,88.8,95.8,97.8,68.3,73.5,75.1,77.2,83.1,84.9,53.9,58.0,59.2,68.0,73.1,74.6,50.9,54.7,55.8
Jan-2015,71.3,77.0,76.9,86.6,93.7,93.7,69.8,75.3,75.3,73.8,79.8,79.7,53.9,58.2,58.1,69.3,74.7,74.7,51.4,55.4,55.4
Feb-2015,70.6,74.1,73.3,87.0,91.4,90.6,69.0,72.3,71.6,75.8,79.6,78.8,54.3,56.9,56.3,68.4,71.7,71.0,51.5,53.9,53.3
Mar-2015,67.4,71.5,69.5,84.3,89.6,87.1,65.6,69.6,67.7,76.2,80.9,78.6,51.9,55.0,53.4,64.3,68.2,66.2,47.7,50.6,49.1
Apr-2015,63.7,67.7,65.6,85.5,91.1,88.3,61.3,65.1,63.1,78.8,83.9,81.3,47.5,50.4,48.8,60.5,64.4,62.3,43.3,46.0,44.5
May-2015,63.0,67.3,66.3,84.0,89.9,88.6,60.7,64.9,63.9,78.5,84.0,82.8,48.0,51.3,50.5,60.8,65.0,64.0,45.2,48.3,47.5
Jun-2015,64.9,67.9,66.8,84.8,88.9,87.5,62.7,65.6,64.6,74.6,78.0,76.8,49.7,52.0,51.1,63.1,66.0,64.9,47.5,49.6,48.8
Jul-2015,64.1,64.8,63.5,86.5,87.6,85.8,61.6,62.3,61.0,74.0,74.8,73.3,47.6,48.1,47.1,60.9,61.6,60.3,43.2,43.6,42.7
Aug-2015,64.3,63.7,62.6,85.4,84.7,83.3,62.0,61.4,60.3,70.8,70.1,68.9,48.6,48.1,47.2,62.2,61.6,60.5,45.8,45.3,44.5
Sep-2015,66.4,63.4,62.4,86.0,82.2,81.0,64.3,61.3,60.4,73.9,70.6,69.5,50.2,47.8,47.1,64.5,61.5,60.6,47.7,45.5,44.8
Oct-2015,63.8,62.2,61.3,84.6,82.6,81.4,61.5,59.9,59.1,71.3,69.5,68.5,47.7,46.5,45.8,61.1,59.4,58.6,43.9,42.7,42.1
Nov-2015,60.7,59.7,57.9,84.1,82.9,80.4,58.1,57.1,55.4,67.4,66.4,64.4,44.4,43.7,42.3,57.8,56.8,55.1,40.4,39.6,38.4
Dec-2015,57.2,56.9,55.2,84.5,84.3,81.9,54.0,53.8,52.2,66.4,66.2,64.3,40.4,40.2,39.0,54.4,54.1,52.5,36.5,36.3,35.2
Jan-2016,57.6,55.8,54.0,84.9,82.3,79.7,54.5,52.7,51.1,67.0,64.8,62.8,41.4,40.0,38.8,55.7,53.8,52.1,38.8,37.5,36.3
Feb-2016,58.6,57.0,55.7,83.3,81.2,79.3,55.8,54.3,53.0,69.0,67.2,65.7,43.0,41.8,40.9,57.2,55.7,54.3,41.4,40.2,39.2
Mar-2016,59.0,60.3,58.9,82.2,84.0,82.1,56.5,57.6,56.3,68.1,69.6,68.0,45.0,45.9,44.8,58.8,60.0,58.6,45.1,45.9,44.9
Apr-2016,59.2,61.3,60.5,80.3,83.3,82.3,56.9,58.9,58.1,66.7,69.1,68.3,46.3,47.9,47.2,59.0,61.1,60.3,46.4,48.0,47.4
May-2016,61.2,60.4,59.8,83.3,82.4,81.5,58.8,58.0,57.4,68.7,67.9,67.2,48.1,47.4,46.9,59.7,58.9,58.2,46.1,45.4,44.9
Jun-2016,60.2,60.1,59.4,85.6,85.7,84.6,57.3,57.3,56.5,69.0,69.0,68.1,45.5,45.4,44.8,58.5,58.5,57.7,43.4,43.3,42.7
Jul-2016,61.1,62.9,61.3,84.1,86.7,84.6,58.5,60.2,58.7,70.9,73.0,71.2,47.2,48.6,47.3,61.0,62.8,61.2,47.5,48.8,47.5
Aug-2016,62.7,65.0,63.7,83.0,86.2,84.6,60.5,62.7,61.5,70.1,72.7,71.3,49.5,51.3,50.3,63.6,65.9,64.6,51.3,53.1,52.0
Sep-2016,64.3,66.4,65.1,82.7,85.5,83.9,62.3,64.3,63.1,70.0,72.3,70.9,51.4,53.0,52.0,67.7,69.9,68.5,57.2,59.0,57.8
Oct-2016,67.3,70.5,68.3,83.2,87.4,84.7,65.6,68.8,66.6,71.6,75.1,72.8,56.6,59.3,57.4,72.1,75.6,73.2,64.8,67.9,65.7
Nov-2016,76.6,80.4,77.0,82.8,86.9,83.3,76.2,79.9,76.5,78.9,82.8,79.4,69.9,73.3,70.2,83.4,87.4,83.7,81.4,85.2,81.6
Dec-2016,81.8,84.9,80.1,81.9,85.1,80.4,82.1,85.2,80.4,82.2,85.4,80.6,77.1,79.9,75.4,85.3,88.5,83.5,83.4,86.4,81.5
Jan-2017,81.9,85.9,81.3,84.0,88.3,83.6,82.0,86.0,81.4,83.1,87.2,82.6,75.8,79.5,75.2,80.3,84.2,79.6,73.9,77.3,73.1
Feb-2017,81.4,87.6,83.3,86.4,93.1,88.5,81.2,87.3,83.0,83.9,90.4,85.9,74.8,80.5,76.4,79.6,85.6,81.3,72.5,77.9,74.0
Mar-2017,80.6,86.3,81.9,85.2,91.4,86.8,80.3,86.0,81.6,84.1,90.1,85.6,74.4,79.6,75.6,78.2,83.7,79.5,71.3,76.2,72.3
Apr-2017,77.8,82.1,78.2,85.0,89.8,85.6,77.2,81.4,77.6,83.6,88.3,84.1,68.3,72.0,68.6,80.8,85.2,81.2,73.7,77.6,73.9
May-2017,75.7,77.9,75.0,87.5,90.2,86.9,74.6,76.7,73.9,83.8,86.3,83.2,65.6,67.5,65.0,72.3,74.3,71.6,60.7,62.3,60.0
Jun-2017,72.7,75.5,73.2,86.8,90.3,87.6,71.2,74.0,71.7,82.4,85.7,83.1,60.9,63.3,61.3,68.4,71.1,68.9,54.6,56.6,54.9
Jul-2017,71.8,76.4,74.6,86.3,91.9,89.8,70.3,74.8,73.1,83.0,88.3,86.4,61.2,65.0,63.5,71.3,75.8,74.0,60.7,64.5,63.0
Aug-2017,73.6,78.6,77.7,81.9,87.5,86.6,72.8,77.7,76.9,87.9,93.9,92.9,63.6,67.9,67.1,76.2,81.4,80.4,68.3,72.8,72.0
Sep-2017,74.7,79.8,79.4,81.9,87.6,87.2,74.0,79.0,78.6,89.6,95.7,95.3,64.9,69.3,68.9,74.7,79.8,79.4,65.4,69.8,69.4
Oct-2017,73.4,77.1,76.2,84.5,89.0,87.9,72.2,75.9,75.0,94.4,99.3,98.1,61.7,64.8,64.0,71.7,75.4,74.5,59.5,62.4,61.7
Nov-2017,75.8,78.1,77.1,88.2,91.0,89.9,74.5,76.8,75.8,96.0,99.0,97.7,62.6,64.4,63.5,75.4,77.7,76.7,62.5,64.3,63.4
Dec-2017,77.8,80.0,79.3,89.6,92.3,91.6,76.7,78.8,78.1,95.6,98.3,97.5,64.4,66.1,65.5,81.9,84.2,83.5,71.5,73.4,72.8
Jan-2018,79.9,84.1,84.6,88.8,93.6,94.2,79.0,83.1,83.7,96.9,102.0,102.7,67.6,71.0,71.5,83.2,87.6,88.1,73.5,77.3,77.7
Feb-2018,83.3,85.9,87.5,90.1,93.1,94.9,82.6,85.3,86.8,97.7,101.0,102.8,70.7,72.9,74.2,84.5,87.2,88.8,73.3,75.6,76.9
Mar-2018,82.7,84.0,85.5,90.3,91.9,93.6,81.9,83.3,84.8,94.4,96.0,97.8,70.0,71.1,72.3,81.4,82.7,84.2,68.5,69.5,70.7
Apr-2018,81.2,81.8,83.2,89.8,90.6,92.2,80.3,81.0,82.4,98.3,99.1,100.9,66.7,67.1,68.3,78.8,79.5,80.8,63.4,63.8,64.9
May-2018,83.6,84.0,83.9,92.1,92.7,92.6,82.7,83.1,83.0,101.0,101.6,101.5,66.8,67.1,67.0,82.1,82.5,82.4,65.0,65.3,65.1
Jun-2018,83.9,84.6,83.9,93.6,94.5,93.8,83.0,83.7,83.0,101.8,102.7,101.8,66.5,67.0,66.4,84.5,85.2,84.5,68.0,68.5,67.8
Jul-2018,85.3,85.5,84.2,94.8,95.2,93.8,84.4,84.6,83.3,93.4,93.7,92.3,69.2,69.3,68.3,83.7,83.9,82.6,67.2,67.2,66.2
Aug-2018,86.7,86.6,84.7,97.3,97.4,95.3,85.6,85.5,83.6,91.5,91.5,89.5,70.0,69.8,68.3,85.2,85.0,83.2,68.1,67.9,66.4
Sep-2018,90.3,88.4,86.7,97.1,95.2,93.5,89.6,87.7,86.1,91.5,89.6,87.9,71.7,70.1,68.8,90.5,88.5,86.9,72.7,71.0,69.7
Oct-2018,92.9,90.3,88.1,97.0,94.4,92.1,92.5,89.9,87.7,94.4,91.8,89.5,75.3,73.1,71.3,93.6,90.9,88.7,76.9,74.7,72.8
Nov-2018,91.2,90.8,88.1,94.0,93.8,91.0,90.9,90.5,87.8,89.5,89.2,86.6,74.8,74.4,72.2,91.2,90.8,88.1,75.4,75.0,72.7
Dec-2018,90.1,88.8,86.2,95.8,94.6,91.9,89.5,88.2,85.6,89.3,88.0,85.5,73.8,72.7,70.6,90.2,88.8,86.2,74.5,73.3,71.1
Jan-2019,93.5,91.1,88.9,96.6,94.3,92.1,93.1,90.8,88.6,88.5,86.3,84.3,77.9,75.8,74.0,92.0,89.7,87.6,76.1,74.0,72.3
Feb-2019,96.2,93.9,91.6,96.4,94.3,92.0,96.2,93.9,91.6,92.2,90.1,87.9,82.0,80.0,78.0,96.6,94.3,92.0,83.1,81.1,79.0
Mar-2019,97.8,94.6,92.3,95.7,92.7,90.5,98.0,94.8,92.5,94.7,91.7,89.5,85.5,82.7,80.6,95.9,92.8,90.5,82.9,80.1,78.1
Apr-2019,95.4,93.1,90.5,96.5,94.3,91.8,95.3,92.9,90.4,93.5,91.3,88.8,86.6,84.4,82.1,94.3,92.0,89.5,85.1,83.0,80.7
May-2019,99.2,94.9,91.9,98.6,94.5,91.5,99.2,94.9,91.9,90.7,86.8,84.1,91.1,87.1,84.3,98.3,94.0,91.1,89.9,85.9,83.2
Jun-2019,100.3,95.7,92.9,100.6,96.1,93.3,100.3,95.6,92.8,89.2,85.1,82.6,94.6,90.1,87.4,98.8,94.2,91.4,92.2,87.9,85.2
Jul-2019,102.0,98.1,95.1,99.9,96.2,93.2,102.2,98.3,95.2,90.5,87.1,84.4,96.3,92.5,89.6,101.4,97.5,94.5,95.4,91.7,88.7
Aug-2019,100.3,94.1,90.6,97.5,91.6,88.2,100.6,94.4,90.8,91.5,85.9,82.7,91.1,85.4,82.2,91.4,85.8,82.5,76.6,71.8,69.1
Sep-2019,96.6,91.4,87.7,96.0,91.0,87.3,96.6,91.4,87.7,93.0,88.0,84.5,83.1,78.6,75.4,91.5,86.6,83.1,75.2,71.0,68.1
Oct-2019,93.0,87.7,84.3,98.5,93.0,89.4,92.5,87.2,83.8,93.4,88.1,84.7,79.7,75.0,72.1,90.4,85.2,81.8,75.6,71.2,68.4
Nov-2019,92.3,87.2,84.0,103.1,97.5,94.0,91.3,86.2,83.1,92.6,87.6,84.4,78.6,74.2,71.5,87.2,82.4,79.4,70.6,66.6,64.2
Dec-2019,91.4,86.7,83.8,102.7,97.6,94.4,90.3,85.8,82.8,91.1,86.6,83.6,77.5,73.5,71.0,89.1,84.6,81.7,74.2,70.3,67.9
Jan-2020,92.3,87.4,84.6,100.0,94.9,91.9,91.6,86.7,83.9,91.2,86.5,83.7,78.7,74.5,72.0,91.8,87.0,84.1,78.3,74.1,71.6
Feb-2020,94.4,87.5,84.0,104.0,96.6,92.7,93.5,86.7,83.2,88.6,82.2,78.9,79.5,73.6,70.6,93.0,86.3,82.8,77.6,71.9,69.0
Mar-2020,99.9,86.2,82.9,105.5,91.2,87.8,99.3,85.7,82.5,88.2,76.2,73.3,87.6,75.6,72.7,98.2,84.7,81.5,85.2,73.4,70.6
Apr-2020,95.5,83.8,80.1,101.2,89.0,85.0,95.0,83.4,79.7,83.0,72.9,69.7,85.0,74.5,71.2,89.9,78.9,75.4,75.9,66.6,63.6
May-2020,93.0,84.5,80.7,102.9,93.6,89.5,92.1,83.6,79.9,81.9,74.4,71.1,83.1,75.4,72.1,88.1,80.0,76.5,75.3,68.3,65.3
Jun-2020,88.1,83.8,81.0,99.4,94.7,91.6,87.1,82.8,80.0,82.8,78.8,76.2,78.9,75.0,72.5,85.7,81.5,78.8,75.1,71.4,69.0
Jul-2020,86.1,82.8,80.7,93.3,89.9,87.6,85.4,82.2,80.0,87.1,83.8,81.7,78.7,75.6,73.6,84.1,81.0,78.8,75.6,72.7,70.7
Aug-2020,86.1,83.5,82.6,89.3,86.8,85.9,85.8,83.2,82.3,89.6,87.0,86.1,82.4,79.9,79.0,85.2,82.7,81.8,81.0,78.5,77.6
Sep-2020,86.5,84.3,83.4,91.1,89.0,88.1,86.0,83.8,83.0,90.2,88.0,87.1,84.5,82.3,81.4,86.2,84.0,83.2,84.2,81.9,81.1
Oct-2020,89.1,85.5,84.7,99.4,95.5,94.7,88.2,84.6,83.8,92.6,88.8,88.0,86.0,82.4,81.6,87.6,84.0,83.3,83.6,80.1,79.3
Nov-2020,91.3,88.7,88.4,99.7,97.1,96.8,90.5,88.0,87.6,96.8,94.2,93.9,87.5,85.0,84.6,89.0,86.6,86.2,83.9,81.5,81.1
Dec-2020,98.0,97.6,98.3,98.3,98.1,98.9,97.9,97.5,98.3,99.4,99.1,99.9,97.0,96.5,97.2,99.4,98.9,99.7,99.3,98.8,99.5
Jan-2021,102.0,103.9,105.1,100.6,102.6,103.8,102.1,104.0,105.2,97.5,99.4,100.6,102.9,104.8,105.9,103.6,105.5,106.7,105.6,107.4,108.6
Feb-2021,103.5,106.0,107.0,103.8,106.5,107.6,103.5,106.0,107.0,101.5,104.0,105.0,105.0,107.5,108.4,105.0,107.5,108.5,107.4,109.9,110.9
Mar-2021,106.4,109.3,109.4,102.7,105.6,105.8,106.8,109.7,109.8,105.0,107.9,108.1,109.3,112.2,112.2,104.1,106.9,107.0,105.3,108.0,108.1
Apr-2021,110.1,112.8,112.8,103.4,106.1,106.2,110.7,113.4,113.5,109.0,111.7,111.9,113.6,116.3,116.3,108.1,110.7,110.7,110.2,112.7,112.7
May-2021,116.0,118.9,120.0,107.7,110.6,111.7,116.7,119.6,120.7,115.8,118.8,119.9,121.9,124.8,126.0,117.2,120.1,121.2,123.8,126.7,127.8
Jun-2021,125.0,126.7,127.5,110.5,112.2,113.0,126.4,128.0,128.9,115.5,117.1,117.9,131.3,132.9,133.7,130.5,132.2,133.0,140.1,141.8,142.6
Jul-2021,132.3,131.3,131.0,115.8,115.1,114.9,133.8,132.8,132.4,120.0,119.2,118.9,138.8,137.7,137.3,138.9,137.8,137.4,149.6,148.3,147.8
Aug-2021,124.9,122.0,121.6,120.8,118.2,117.9,125.2,122.4,122.0,124.2,121.5,121.1,122.9,120.0,119.5,127.9,124.9,124.5,127.9,124.8,124.3
Sep-2021,117.4,115.0,114.6,121.3,119.0,118.7,117.0,114.6,114.2,127.5,125.0,124.6,106.5,104.3,103.9,127.3,124.7,124.2,123.3,120.6,120.1
Oct-2021,121.9,121.4,120.2,122.3,122.0,120.8,121.8,121.4,120.1,132.4,131.9,130.6,108.7,108.2,107.1,137.5,137.0,135.5,135.0,134.3,132.9
Nov-2021,128.7,127.5,125.5,127.5,126.6,124.6,128.8,127.6,125.6,128.0,126.9,124.9,112.5,111.4,109.6,129.0,127.8,125.7,113.5,112.3,110.4
Dec-2021,131.2,127.7,125.2,131.4,128.2,125.7,131.1,127.7,125.1,131.7,128.3,125.8,116.9,113.7,111.4,135.2,131.7,129.0,124.0,120.6,118.2
Jan-2022,140.2,136.7,134.2,130.8,127.7,125.4,141.0,137.5,135.0,139.8,136.4,133.9,130.6,127.2,124.8,152.7,148.9,146.1,151.5,147.6,144.8
Feb-2022,148.4,144.3,141.7,132.9,129.4,127.1,149.9,145.6,143.0,146.4,142.4,139.8,143.9,139.8,137.2,162.0,157.4,154.6,166.6,161.7,158.7
Mar-2022,157.3,159.5,154.6,139.1,141.2,137.0,159.0,161.1,156.2,156.2,158.5,153.6,154.2,156.2,151.3,178.7,181.1,175.5,189.7,192.1,186.1
Apr-2022,170.0,175.1,167.7,139.7,144.1,138.1,172.8,178.0,170.4,151.0,155.7,149.1,173.1,178.1,170.5,172.1,177.2,169.7,176.5,181.6,173.8
May-2022,169.6,169.5,159.5,146.5,146.7,138.0,171.7,171.6,161.4,140.6,140.6,132.3,172.9,172.7,162.4,179.1,179.0,168.3,188.6,188.3,177.0
Jun-2022,171.1,170.9,160.4,138.5,138.5,130.1,174.0,173.9,163.2,132.3,132.3,124.2,175.7,175.4,164.6,168.2,168.0,157.7,170.8,170.4,159.9
Jul-2022,166.4,164.7,152.1,125.9,124.8,115.3,170.2,168.4,155.5,119.5,118.3,109.3,164.0,162.2,149.7,157.2,155.5,143.6,148.7,147.0,135.7
Aug-2022,157.3,158.4,146.0,122.2,123.2,113.7,160.5,161.6,148.9,123.5,124.5,114.8,145.9,146.8,135.3,158.4,159.5,147.0,148.1,149.0,137.2
Sep-2022,170.6,168.0,152.1,123.2,121.5,110.1,175.0,172.2,156.0,120.2,118.4,107.3,159.1,156.4,141.6,168.3,165.6,150.0,155.5,152.8,138.3
Oct-2022,172.7,163.4,146.6,133.7,126.7,113.8,176.3,166.7,149.7,125.6,118.9,106.7,158.1,149.4,134.0,170.5,161.2,144.7,154.8,146.2,131.1
Nov-2022,158.1,152.6,139.0,130.6,126.2,115.0,160.6,155.0,141.2,127.4,123.0,112.1,144.6,139.4,126.9,157.6,152.1,138.5,144.1,138.9,126.5
Dec-2022,152.9,147.7,137.6,125.3,121.2,112.9,155.5,150.1,139.8,130.3,125.9,117.3,144.8,139.7,130.1,160.3,154.8,144.1,157.2,151.6,141.1
Jan-2023,,,,,,,,,,,,,,,,,,,,,
Feb-2023,,,,,,,,,,,,,,,,,,,,,
Mar-2023,,,,,,,,,,,,,,,,,,,,,
